transform,plan_control,rotation_group,stage,stage_semantics,query_count,rotation_config_count,rotation_seeds,seeds_complete,mean_per_query_candidate_rmse,pooled_candidate_rmse,pooled_candidate_count,mean_query_candidate_count,finite_query_count_candidate_count,mean_query_finite_count,finite_query_count_finite_count,mean_query_nonfinite_count,finite_query_count_nonfinite_count,mean_query_bias,finite_query_count_bias,mean_query_mae,finite_query_count_mae,mean_query_rmse,finite_query_count_rmse,mean_query_abs_relative_eps1e-12_p50,finite_query_count_abs_relative_eps1e-12_p50,mean_query_abs_relative_eps1e-12_p90,finite_query_count_abs_relative_eps1e-12_p90,mean_query_abs_relative_eps1e-12_p99,finite_query_count_abs_relative_eps1e-12_p99,mean_query_topk_used,finite_query_count_topk_used,mean_query_fixed_candidate_topk_agreement,finite_query_count_fixed_candidate_topk_agreement,mean_query_exact_best_estimated_rank,finite_query_count_exact_best_estimated_rank,mean_query_strict_boundary_inversion_rate,finite_query_count_strict_boundary_inversion_rate,mean_query_logical_factor_bytes_per_candidate,finite_query_count_logical_factor_bytes_per_candidate,mean_query_logical_fast_code_bytes_per_candidate,finite_query_count_logical_fast_code_bytes_per_candidate,mean_query_logical_long_code_bytes_per_candidate,finite_query_count_logical_long_code_bytes_per_candidate,mean_query_logical_long_factor_bytes_per_candidate,finite_query_count_logical_long_factor_bytes_per_candidate,mean_query_logical_total_requested_bytes_per_candidate,finite_query_count_logical_total_requested_bytes_per_candidate
current_pca,frozen-pca,seed_average,vars_conservative_lower_bound_all,conservative_lower_bound_not_ordinary_distance_estimator,1000,10,0|1|2|3|4|5|6|7|8|9,true,0.626707463672,0.622792149481,2130639,2130.639,1000,2130.639,1000,0,1000,-0.61545798793,1000,0.615629145688,1000,0.626707463672,1000,0.789455047036,1000,0.838340245222,1000,0.872497234587,1000,100,1000,0.12414,1000,967.708,1000,0.259155579905,1000,16,1000,0,1000,0,1000,0,1000,16,1000
current_pca,frozen-pca,seed_average,fast_prefix_1,progressive_distance_estimate,1000,10,0|1|2|3|4|5|6|7|8|9,true,0.186552454664,0.185051343754,2130639,2130.639,1000,2130.639,1000,0,1000,-0.177951861758,1000,0.17813212969,1000,0.186552454664,1000,0.229466031493,1000,0.325773039261,1000,0.414777168561,1000,100,1000,0.590052,1000,1.0251,1000,0.0332821633357,1000,16,1000,8,1000,0,1000,0,1000,24,1000
current_pca,frozen-pca,seed_average,fast_prefix_2,progressive_distance_estimate,1000,10,0|1|2|3|4|5|6|7|8|9,true,0.139907665343,0.138788265343,2130639,2130.639,1000,2130.639,1000,0,1000,-0.129210744701,1000,0.129389557503,1000,0.139907665343,1000,0.164750976421,1000,0.25659346425,1000,0.342567218681,1000,100,1000,0.617479,1000,1.0046,1000,0.0277294441093,1000,16,1000,32,1000,0,1000,0,1000,48,1000
current_pca,frozen-pca,seed_average,fast_prefix_3,progressive_distance_estimate,1000,10,0|1|2|3|4|5|6|7|8|9,true,0.133557498672,0.132505917918,2130639,2130.639,1000,2130.639,1000,0,1000,-0.122321250911,1000,0.122559923202,1000,0.133557498672,1000,0.155592856499,1000,0.246897762116,1000,0.332140945769,1000,100,1000,0.61778,1000,1.0053,1000,0.0276597049508,1000,16,1000,48,1000,0,1000,0,1000,64,1000
current_pca,frozen-pca,seed_average,fast_all,progressive_distance_estimate,1000,10,0|1|2|3|4|5|6|7|8|9,true,0.133557498672,0.132505917918,2130639,2130.639,1000,2130.639,1000,0,1000,-0.122321250911,1000,0.122559923202,1000,0.133557498672,1000,0.155592856499,1000,0.246897762116,1000,0.332140945769,1000,100,1000,0.61778,1000,1.0053,1000,0.0276597049508,1000,16,1000,48,1000,0,1000,0,1000,64,1000
current_pca,frozen-pca,seed_average,accurate_prefix_1,progressive_distance_estimate,1000,10,0|1|2|3|4|5|6|7|8|9,true,0.0301081592801,0.030632466911,2130639,2130.639,1000,2130.639,1000,0,1000,-0.0275627201842,1000,0.0276289770997,1000,0.0301081592801,1000,0.0344620666897,1000,0.0558041248051,1000,0.0763277022423,1000,100,1000,0.901926,1000,1,1000,0.0017429514379,1000,16,1000,48,1000,64,1000,8,1000,136,1000
current_pca,frozen-pca,seed_average,accurate_prefix_2,progressive_distance_estimate,1000,10,0|1|2|3|4|5|6|7|8|9,true,0.00604884652096,0.00622852678918,2130639,2130.639,1000,2130.639,1000,0,1000,-0.00561826863119,1000,0.00562667330756,1000,0.00604884652096,1000,0.0070637462288,1000,0.0112001048494,1000,0.0152776402302,1000,100,1000,0.980356,1000,1,1000,7.5995209131e-05,1000,16,1000,48,1000,160,1000,16,1000,240,1000
current_pca,frozen-pca,seed_average,accurate_prefix_3,progressive_distance_estimate,1000,10,0|1|2|3|4|5|6|7|8|9,true,0.00224888345333,0.00228846657595,2130639,2130.639,1000,2130.639,1000,0,1000,-0.00195104072064,1000,0.00199635687096,1000,0.00224888345333,1000,0.00251924435522,1000,0.00446572752729,1000,0.00633818403969,1000,100,1000,0.989882,1000,1,1000,2.073362691e-05,1000,16,1000,48,1000,192,1000,24,1000,280,1000
current_pca,frozen-pca,seed_average,full,progressive_distance_estimate,1000,10,0|1|2|3|4|5|6|7|8|9,true,0.00110852291676,0.00113298210119,2130639,2130.639,1000,2130.639,1000,0,1000,-8.42723534352e-08,1000,0.000874880612198,1000,0.00110852291676,1000,0.000921276654958,1000,0.00232478666611,1000,0.00385095565836,1000,100,1000,0.989913,1000,1,1000,2.07015004708e-05,1000,16,1000,48,1000,192,1000,24,1000,280,1000
current_pca,frozen-pca,off,vars_conservative_lower_bound_all,conservative_lower_bound_not_ordinary_distance_estimator,1000,1,off,true,0.626707465665,0.622792151419,2130639,2130.639,1000,2130.639,1000,0,1000,-0.615457989875,1000,0.615629147632,1000,0.626707465665,1000,0.789455049243,1000,0.838340246753,1000,0.872497236088,1000,100,1000,0.12414,1000,967.708,1000,0.259155564483,1000,16,1000,0,1000,0,1000,0,1000,16,1000
current_pca,frozen-pca,off,fast_prefix_1,progressive_distance_estimate,1000,1,off,true,0.188207047756,0.186650581006,2130639,2130.639,1000,2130.639,1000,0,1000,-0.178149594666,1000,0.178378123245,1000,0.188207047756,1000,0.229496323081,1000,0.31953561398,1000,0.396718059629,1000,100,1000,0.56389,1000,1.011,1000,0.0403542132377,1000,16,1000,8,1000,0,1000,0,1000,24,1000
current_pca,frozen-pca,off,fast_prefix_2,progressive_distance_estimate,1000,1,off,true,0.142092772603,0.140908287829,2130639,2130.639,1000,2130.639,1000,0,1000,-0.12940330253,1000,0.129838235934,1000,0.142092772603,1000,0.164853518007,1000,0.25282913918,1000,0.328552393999,1000,100,1000,0.58795,1000,1.002,1000,0.0348405584496,1000,16,1000,32,1000,0,1000,0,1000,48,1000
current_pca,frozen-pca,off,fast_prefix_3,progressive_distance_estimate,1000,1,off,true,0.135832431358,0.134715074817,2130639,2130.639,1000,2130.639,1000,0,1000,-0.122517492427,1000,0.123081908544,1000,0.135832431358,1000,0.155709034128,1000,0.243579873243,1000,0.319013383173,1000,100,1000,0.58883,1000,1.002,1000,0.0347495213691,1000,16,1000,48,1000,0,1000,0,1000,64,1000
current_pca,frozen-pca,off,fast_all,progressive_distance_estimate,1000,1,off,true,0.135832431358,0.134715074817,2130639,2130.639,1000,2130.639,1000,0,1000,-0.122517492427,1000,0.123081908544,1000,0.135832431358,1000,0.155709034128,1000,0.243579873243,1000,0.319013383173,1000,100,1000,0.58883,1000,1.002,1000,0.0347495213691,1000,16,1000,48,1000,0,1000,0,1000,64,1000
current_pca,frozen-pca,off,accurate_prefix_1,progressive_distance_estimate,1000,1,off,true,0.0305495496427,0.0310578322244,2130639,2130.639,1000,2130.639,1000,0,1000,-0.0275613049656,1000,0.0276973906689,1000,0.0305495496427,1000,0.0344534030954,1000,0.0568255988206,1000,0.0778983792047,1000,100,1000,0.89383,1000,1,1000,0.00206144395653,1000,16,1000,48,1000,64,1000,8,1000,136,1000
current_pca,frozen-pca,off,accurate_prefix_2,progressive_distance_estimate,1000,1,off,true,0.00609776366456,0.00627614573763,2130639,2130.639,1000,2130.639,1000,0,1000,-0.00562099651022,1000,0.00563393985266,1000,0.00609776366456,1000,0.00707104510549,1000,0.0113706020148,1000,0.0155742689539,1000,100,1000,0.97926,1000,1,1000,8.53845931072e-05,1000,16,1000,48,1000,160,1000,16,1000,240,1000
current_pca,frozen-pca,off,accurate_prefix_3,progressive_distance_estimate,1000,1,off,true,0.00233338090307,0.00237043943588,2130639,2130.639,1000,2130.639,1000,0,1000,-0.00195020639398,1000,0.00203214170042,1000,0.00233338090307,1000,0.00252734474743,1000,0.00470170184769,1000,0.00679215869338,1000,100,1000,0.98849,1000,1,1000,2.60359312858e-05,1000,16,1000,48,1000,192,1000,24,1000,280,1000
current_pca,frozen-pca,off,full,progressive_distance_estimate,1000,1,off,true,0.00127061037124,0.00129200411062,2130639,2130.639,1000,2130.639,1000,0,1000,7.50054414581e-07,1000,0.00100053449236,1000,0.00127061037124,1000,0.001052951469,1000,0.00265995895288,1000,0.00444006370938,1000,100,1000,0.98853,1000,1,1000,2.60164314212e-05,1000,16,1000,48,1000,192,1000,24,1000,280,1000
residual_pca,frozen-pca,seed_average,vars_conservative_lower_bound_all,conservative_lower_bound_not_ordinary_distance_estimator,1000,10,0|1|2|3|4|5|6|7|8|9,true,0.626228820381,0.622349253229,2130639,2130.639,1000,2130.639,1000,0,1000,-0.615124324338,1000,0.615294427346,1000,0.626228820381,1000,0.789552451285,1000,0.838614129132,1000,0.8726914307,1000,100,1000,0.12617,1000,951.9037,1000,0.25689044008,1000,16,1000,0,1000,0,1000,0,1000,16,1000
residual_pca,frozen-pca,seed_average,fast_prefix_1,progressive_distance_estimate,1000,10,0|1|2|3|4|5|6|7|8|9,true,0.186970264034,0.185470329869,2130639,2130.639,1000,2130.639,1000,0,1000,-0.178379252373,1000,0.178558003038,1000,0.186970264034,1000,0.229998763611,1000,0.326374623268,1000,0.415365123763,1000,100,1000,0.589673,1000,1.0259,1000,0.0332878392578,1000,16,1000,8,1000,0,1000,0,1000,24,1000
residual_pca,frozen-pca,seed_average,fast_prefix_2,progressive_distance_estimate,1000,10,0|1|2|3|4|5|6|7|8|9,true,0.139963683219,0.138843039362,2130639,2130.639,1000,2130.639,1000,0,1000,-0.129265338042,1000,0.129443358073,1000,0.139963683219,1000,0.164828442606,1000,0.256696614463,1000,0.342699265773,1000,100,1000,0.61737,1000,1.0053,1000,0.0277266805772,1000,16,1000,32,1000,0,1000,0,1000,48,1000
residual_pca,frozen-pca,seed_average,fast_prefix_3,progressive_distance_estimate,1000,10,0|1|2|3|4|5|6|7|8|9,true,0.133599797716,0.132547192557,2130639,2130.639,1000,2130.639,1000,0,1000,-0.12236077797,1000,0.122599120268,1000,0.133599797716,1000,0.155651319059,1000,0.246980450108,1000,0.332277721842,1000,100,1000,0.617683,1000,1.0043,1000,0.0276501690238,1000,16,1000,48,1000,0,1000,0,1000,64,1000
residual_pca,frozen-pca,seed_average,fast_all,progressive_distance_estimate,1000,10,0|1|2|3|4|5|6|7|8|9,true,0.133599797716,0.132547192557,2130639,2130.639,1000,2130.639,1000,0,1000,-0.12236077797,1000,0.122599120268,1000,0.133599797716,1000,0.155651319059,1000,0.246980450108,1000,0.332277721842,1000,100,1000,0.617683,1000,1.0043,1000,0.0276501690238,1000,16,1000,48,1000,0,1000,0,1000,64,1000
residual_pca,frozen-pca,seed_average,accurate_prefix_1,progressive_distance_estimate,1000,10,0|1|2|3|4|5|6|7|8|9,true,0.0301095531856,0.0306344970467,2130639,2130.639,1000,2130.639,1000,0,1000,-0.0275654007637,1000,0.0276316954201,1000,0.0301095531856,1000,0.0344569083132,1000,0.0557764244563,1000,0.0762601732463,1000,100,1000,0.901791,1000,1,1000,0.00174588290617,1000,16,1000,48,1000,64,1000,8,1000,136,1000
residual_pca,frozen-pca,seed_average,accurate_prefix_2,progressive_distance_estimate,1000,10,0|1|2|3|4|5|6|7|8|9,true,0.0060517932657,0.00622994202451,2130639,2130.639,1000,2130.639,1000,0,1000,-0.00562159796612,1000,0.00562999013166,1000,0.0060517932657,1000,0.00706783978782,1000,0.0112038457661,1000,0.0152832825131,1000,100,1000,0.980273,1000,1,1000,7.64761666572e-05,1000,16,1000,48,1000,160,1000,16,1000,240,1000
residual_pca,frozen-pca,seed_average,accurate_prefix_3,progressive_distance_estimate,1000,10,0|1|2|3|4|5|6|7|8|9,true,0.00225104136253,0.00229041483692,2130639,2130.639,1000,2130.639,1000,0,1000,-0.00195363267868,1000,0.00199878460628,1000,0.00225104136253,1000,0.00252260535682,1000,0.0044687657809,1000,0.00633655316721,1000,100,1000,0.989893,1000,1,1000,2.08907448098e-05,1000,16,1000,48,1000,192,1000,24,1000,280,1000
residual_pca,frozen-pca,seed_average,full,progressive_distance_estimate,1000,10,0|1|2|3|4|5|6|7|8|9,true,0.00110826187757,0.00113275112369,2130639,2130.639,1000,2130.639,1000,0,1000,9.5482990062e-08,1000,0.000874657121277,1000,0.00110826187757,1000,0.000920919198862,1000,0.00232279305179,1000,0.00384777487021,1000,100,1000,0.989901,1000,1,1000,2.08621264661e-05,1000,16,1000,48,1000,192,1000,24,1000,280,1000
residual_pca,frozen-pca,off,vars_conservative_lower_bound_all,conservative_lower_bound_not_ordinary_distance_estimator,1000,1,off,true,0.62622882227,0.622349255078,2130639,2130.639,1000,2130.639,1000,0,1000,-0.615124326168,1000,0.615294429174,1000,0.62622882227,1000,0.789552453054,1000,0.838614130692,1000,0.872691431466,1000,100,1000,0.12617,1000,951.904,1000,0.256890465776,1000,16,1000,0,1000,0,1000,0,1000,16,1000
residual_pca,frozen-pca,off,fast_prefix_1,progressive_distance_estimate,1000,1,off,true,0.188613010156,0.187060344592,2130639,2130.639,1000,2130.639,1000,0,1000,-0.178558539414,1000,0.178791091153,1000,0.188613010156,1000,0.229976305761,1000,0.320204446822,1000,0.397545975042,1000,100,1000,0.56365,1000,1.014,1000,0.0402068380749,1000,16,1000,8,1000,0,1000,0,1000,24,1000
residual_pca,frozen-pca,off,fast_prefix_2,progressive_distance_estimate,1000,1,off,true,0.142158990339,0.140975332359,2130639,2130.639,1000,2130.639,1000,0,1000,-0.129449261177,1000,0.129891834586,1000,0.142158990339,1000,0.164957602388,1000,0.253122055171,1000,0.329067855631,1000,100,1000,0.58871,1000,1.003,1000,0.0347049467516,1000,16,1000,32,1000,0,1000,0,1000,48,1000
residual_pca,frozen-pca,off,fast_prefix_3,progressive_distance_estimate,1000,1,off,true,0.135884648322,0.134768729683,2130639,2130.639,1000,2130.639,1000,0,1000,-0.122548839776,1000,0.123123713122,1000,0.135884648322,1000,0.155796184804,1000,0.243856016937,1000,0.319496656396,1000,100,1000,0.58882,1000,1.004,1000,0.0346025355161,1000,16,1000,48,1000,0,1000,0,1000,64,1000
residual_pca,frozen-pca,off,fast_all,progressive_distance_estimate,1000,1,off,true,0.135884648322,0.134768729683,2130639,2130.639,1000,2130.639,1000,0,1000,-0.122548839776,1000,0.123123713122,1000,0.135884648322,1000,0.155796184804,1000,0.243856016937,1000,0.319496656396,1000,100,1000,0.58882,1000,1.004,1000,0.0346025355161,1000,16,1000,48,1000,0,1000,0,1000,64,1000
residual_pca,frozen-pca,off,accurate_prefix_1,progressive_distance_estimate,1000,1,off,true,0.0305610674812,0.0310710761325,2130639,2130.639,1000,2130.639,1000,0,1000,-0.027573770438,1000,0.0277110623613,1000,0.0305610674812,1000,0.0344657467293,1000,0.0567970784674,1000,0.0777911884213,1000,100,1000,0.89399,1000,1,1000,0.00204634447654,1000,16,1000,48,1000,64,1000,8,1000,136,1000
residual_pca,frozen-pca,off,accurate_prefix_2,progressive_distance_estimate,1000,1,off,true,0.00610103293264,0.00627875427046,2130639,2130.639,1000,2130.639,1000,0,1000,-0.00562423047666,1000,0.00563716485371,1000,0.00610103293264,1000,0.00706977002664,1000,0.0113725063803,1000,0.0155959775589,1000,100,1000,0.97966,1000,1,1000,8.39958727776e-05,1000,16,1000,48,1000,160,1000,16,1000,240,1000
residual_pca,frozen-pca,off,accurate_prefix_3,progressive_distance_estimate,1000,1,off,true,0.00233665265675,0.00237398405409,2130639,2130.639,1000,2130.639,1000,0,1000,-0.00195326283275,1000,0.00203544262561,1000,0.00233665265675,1000,0.00253353882275,1000,0.00470239438426,1000,0.00679466417081,1000,100,1000,0.98873,1000,1,1000,2.64848248283e-05,1000,16,1000,48,1000,192,1000,24,1000,280,1000
residual_pca,frozen-pca,off,full,progressive_distance_estimate,1000,1,off,true,0.00127159901273,0.00129348810284,2130639,2130.639,1000,2130.639,1000,0,1000,4.65328931798e-07,1000,0.00100107519026,1000,0.00127159901273,1000,0.0010523627458,1000,0.00266259582855,1000,0.00444190258829,1000,100,1000,0.98873,1000,1,1000,2.64580801115e-05,1000,16,1000,48,1000,192,1000,24,1000,280,1000
