dataset	stage	fold	plan	arm	fit_total_sse	eval_total_sse	fit_sse_per_vector	eval_sse_per_vector	eval_gain_vs_U_pct	payload_bits_per_vector	payload_bytes_per_vector	groups_outside_6_10	axes_bits_1	axes_bits_2	axes_bits_3	axes_bits_4	axes_bits_5	axes_bits_6	axes_bits_7	axes_bits_8	axes_bits_9	shared_transform_bytes	shared_pairing_bytes	shared_bit_metadata_bytes	shared_selected_codebook_bytes	selected_lookup_entries	shared_model_total_bytes	archive_file	archive_sha256	archive_bytes	pairing_shared_compute_cpu_seconds	pairing_shared_compute_wall_seconds
SIFT1M	RESIDUAL_NLIST1024	A_TO_B	ADJ	U	4849721.938657043	4855470.591761176	592.007072589971	592.7088124708466	0.0	512	64	0	0	0	0	128	0	0	0	0	0	3072	128	128	16384	2048	19712	models/SIFT1M_A_TO_B_ADJ.npz	ab2040607163ffebfe0a722023d2ac6688dfdef93c54bc42fea7291ce553daa4	1341242	9.446015817000001	9.46574879065156
SIFT1M	RESIDUAL_NLIST1024	A_TO_B	ADJ	V	3729076.4104287056	3771776.043593357	455.20952275741035	460.4218803214547	22.319042566268354	512	64	0	0	0	36	56	36	0	0	0	0	3072	128	128	18688	2336	22016	models/SIFT1M_A_TO_B_ADJ.npz	ab2040607163ffebfe0a722023d2ac6688dfdef93c54bc42fea7291ce553daa4	1341242	9.446015817000001	9.46574879065156
SIFT1M	RESIDUAL_NLIST1024	A_TO_B	ADJ	E	3726180.9072679817	3766230.5397144053	454.85606778173604	459.7449389299811	22.43325402680858	512	64	0	0	0	37	54	37	0	0	0	0	3072	128	128	18752	2344	22080	models/SIFT1M_A_TO_B_ADJ.npz	ab2040607163ffebfe0a722023d2ac6688dfdef93c54bc42fea7291ce553daa4	1341242	9.446015817000001	9.46574879065156
SIFT1M	RESIDUAL_NLIST1024	A_TO_B	ADJ	S	3723447.242941086	3765179.1719522933	454.5223685230818	459.6165981387077	22.454907288675642	512	64	1	0	1	35	55	37	0	0	0	0	3072	128	128	18784	2348	22112	models/SIFT1M_A_TO_B_ADJ.npz	ab2040607163ffebfe0a722023d2ac6688dfdef93c54bc42fea7291ce553daa4	1341242	9.446015817000001	9.46574879065156
SIFT1M	RESIDUAL_NLIST1024	A_TO_B	CORR_GREEDY	U	4683828.926550401	4722213.299293445	571.756460760547	576.4420531364069	0.0	512	64	0	0	0	12	104	12	0	0	0	0	3072	128	128	17152	2144	20480	models/SIFT1M_A_TO_B_CORR_GREEDY.npz	61b18f8958e87af9f0d1d6afd551c4388e31c3893d5817be5f1f60fab57cc43f	1341242	9.790660357	9.812222579494119
SIFT1M	RESIDUAL_NLIST1024	A_TO_B	CORR_GREEDY	V	3736696.966515206	3796299.9825382484	456.1397664203132	463.4155252121885	19.60761316931058	512	64	0	0	1	34	57	36	0	0	0	0	3072	128	128	18720	2340	22048	models/SIFT1M_A_TO_B_CORR_GREEDY.npz	61b18f8958e87af9f0d1d6afd551c4388e31c3893d5817be5f1f60fab57cc43f	1341242	9.790660357	9.812222579494119
SIFT1M	RESIDUAL_NLIST1024	A_TO_B	CORR_GREEDY	E	3733499.9114223584	3795044.7115057246	455.7495009060496	463.26229388497615	19.634195429639888	512	64	0	0	1	35	55	37	0	0	0	0	3072	128	128	18784	2348	22112	models/SIFT1M_A_TO_B_CORR_GREEDY.npz	61b18f8958e87af9f0d1d6afd551c4388e31c3893d5817be5f1f60fab57cc43f	1341242	9.790660357	9.812222579494119
SIFT1M	RESIDUAL_NLIST1024	A_TO_B	CORR_GREEDY	S	3733499.9114223584	3795044.7115057246	455.7495009060496	463.26229388497615	19.634195429639888	512	64	0	0	1	35	55	37	0	0	0	0	3072	128	128	18784	2348	22112	models/SIFT1M_A_TO_B_CORR_GREEDY.npz	61b18f8958e87af9f0d1d6afd551c4388e31c3893d5817be5f1f60fab57cc43f	1341242	9.790660357	9.812222579494119
SIFT1M	RESIDUAL_NLIST1024	A_TO_B	EA	U	3730435.1488057347	3768091.1400650456	455.37538437570004	459.9720629962214	0.0	512	64	0	0	0	37	54	37	0	0	0	0	3072	128	128	18752	2344	22080	models/SIFT1M_A_TO_B_EA.npz	66b5eef05b1b9b6f2e619450c2eb22153570a652fd22e34cb62408bfe0666961	1341242	9.642150860000001	9.66252392437309
SIFT1M	RESIDUAL_NLIST1024	A_TO_B	EA	V	3731980.3536185306	3776307.656476187	455.56400801007453	460.9750557221908	-0.2180551400091657	512	64	0	0	1	34	57	36	0	0	0	0	3072	128	128	18720	2340	22048	models/SIFT1M_A_TO_B_EA.npz	66b5eef05b1b9b6f2e619450c2eb22153570a652fd22e34cb62408bfe0666961	1341242	9.642150860000001	9.66252392437309
SIFT1M	RESIDUAL_NLIST1024	A_TO_B	EA	E	3726020.9511033446	3765889.694634296	454.8365418827325	459.7033318645381	0.05842335943900823	512	64	0	0	1	36	53	38	0	0	0	0	3072	128	128	18848	2356	22176	models/SIFT1M_A_TO_B_EA.npz	66b5eef05b1b9b6f2e619450c2eb22153570a652fd22e34cb62408bfe0666961	1341242	9.642150860000001	9.66252392437309
SIFT1M	RESIDUAL_NLIST1024	A_TO_B	EA	S	3726020.9511033446	3765889.694634296	454.8365418827325	459.7033318645381	0.05842335943900823	512	64	0	0	1	36	53	38	0	0	0	0	3072	128	128	18848	2356	22176	models/SIFT1M_A_TO_B_EA.npz	66b5eef05b1b9b6f2e619450c2eb22153570a652fd22e34cb62408bfe0666961	1341242	9.642150860000001	9.66252392437309
SIFT1M	RESIDUAL_NLIST1024	B_TO_A	ADJ	U	4779422.151144183	5017888.268453719	583.4255555595927	612.5351890202294	0.0	512	64	0	0	0	0	128	0	0	0	0	0	3072	128	128	16384	2048	19712	models/SIFT1M_B_TO_A_ADJ.npz	62927f1404b4fe56dcaf1d9a3bde4a8c5bb9ef807100765293f5e101d656b66c	1341242	9.638976359	9.659263093955815
SIFT1M	RESIDUAL_NLIST1024	B_TO_A	ADJ	V	3701691.298056961	3881725.7005925286	451.8666135323439	473.8434693106114	22.64224524495646	512	64	0	0	0	36	56	36	0	0	0	0	3072	128	128	18688	2336	22016	models/SIFT1M_B_TO_A_ADJ.npz	62927f1404b4fe56dcaf1d9a3bde4a8c5bb9ef807100765293f5e101d656b66c	1341242	9.638976359	9.659263093955815
SIFT1M	RESIDUAL_NLIST1024	B_TO_A	ADJ	E	3697350.9602308404	3881019.919636262	451.33678713755376	473.7573144087234	22.656310543315207	512	64	0	0	0	38	52	38	0	0	0	0	3072	128	128	18816	2352	22144	models/SIFT1M_B_TO_A_ADJ.npz	62927f1404b4fe56dcaf1d9a3bde4a8c5bb9ef807100765293f5e101d656b66c	1341242	9.638976359	9.659263093955815
SIFT1M	RESIDUAL_NLIST1024	B_TO_A	ADJ	S	3694864.2256570905	3877796.7087375876	451.03323067103156	473.3638560470688	22.72054495281648	512	64	1	0	1	36	53	38	0	0	0	0	3072	128	128	18848	2356	22176	models/SIFT1M_B_TO_A_ADJ.npz	62927f1404b4fe56dcaf1d9a3bde4a8c5bb9ef807100765293f5e101d656b66c	1341242	9.638976359	9.659263093955815
SIFT1M	RESIDUAL_NLIST1024	B_TO_A	CORR_GREEDY	U	4703511.017934462	4906998.174981032	574.1590598064529	598.9988006568642	0.0	512	64	0	0	0	11	106	11	0	0	0	0	3072	128	128	17088	2136	20416	models/SIFT1M_B_TO_A_CORR_GREEDY.npz	cf0d8af8d6fa9bd9818b762023a9b44e9bff803f22bf4cafe6ab69f17f80bff9	1341242	9.555471020999995	9.575257122516632
SIFT1M	RESIDUAL_NLIST1024	B_TO_A	CORR_GREEDY	V	3690736.6492381548	3860850.7732263077	450.52937612770444	471.295260403602	21.319498488681788	512	64	0	0	1	34	57	36	0	0	0	0	3072	128	128	18720	2340	22048	models/SIFT1M_B_TO_A_CORR_GREEDY.npz	cf0d8af8d6fa9bd9818b762023a9b44e9bff803f22bf4cafe6ab69f17f80bff9	1341242	9.555471020999995	9.575257122516632
SIFT1M	RESIDUAL_NLIST1024	B_TO_A	CORR_GREEDY	E	3684592.1103187916	3859004.3199108676	449.77931034164936	471.0698632703696	21.357127467735715	512	64	0	0	1	37	51	39	0	0	0	0	3072	128	128	18912	2364	22240	models/SIFT1M_B_TO_A_CORR_GREEDY.npz	cf0d8af8d6fa9bd9818b762023a9b44e9bff803f22bf4cafe6ab69f17f80bff9	1341242	9.555471020999995	9.575257122516632
SIFT1M	RESIDUAL_NLIST1024	B_TO_A	CORR_GREEDY	S	3684592.1103187916	3859004.3199108676	449.77931034164936	471.0698632703696	21.357127467735715	512	64	0	0	1	37	51	39	0	0	0	0	3072	128	128	18912	2364	22240	models/SIFT1M_B_TO_A_CORR_GREEDY.npz	cf0d8af8d6fa9bd9818b762023a9b44e9bff803f22bf4cafe6ab69f17f80bff9	1341242	9.555471020999995	9.575257122516632
SIFT1M	RESIDUAL_NLIST1024	B_TO_A	EA	U	3676671.759434579	3859554.2700486556	448.8124706341039	471.1369958555488	0.0	512	64	0	0	0	38	52	38	0	0	0	0	3072	128	128	18816	2352	22144	models/SIFT1M_B_TO_A_EA.npz	77606a5f3d14c75ecf6a7d3185c940b4a73489a051bd9c76edb0e609dc98907a	1341242	9.514345157000001	9.534757753834128
SIFT1M	RESIDUAL_NLIST1024	B_TO_A	EA	V	3676881.820371697	3853453.409073447	448.83811283834194	470.392261849786	0.15807164631815862	512	64	0	0	1	35	55	37	0	0	0	0	3072	128	128	18784	2348	22112	models/SIFT1M_B_TO_A_EA.npz	77606a5f3d14c75ecf6a7d3185c940b4a73489a051bd9c76edb0e609dc98907a	1341242	9.514345157000001	9.534757753834128
SIFT1M	RESIDUAL_NLIST1024	B_TO_A	EA	E	3674882.980863689	3857424.534049238	448.59411387496203	470.8770183165574	0.055180879718286224	512	64	0	0	1	36	53	38	0	0	0	0	3072	128	128	18848	2356	22176	models/SIFT1M_B_TO_A_EA.npz	77606a5f3d14c75ecf6a7d3185c940b4a73489a051bd9c76edb0e609dc98907a	1341242	9.514345157000001	9.534757753834128
SIFT1M	RESIDUAL_NLIST1024	B_TO_A	EA	S	3674882.980863689	3857424.534049238	448.59411387496203	470.8770183165574	0.055180879718286224	512	64	0	0	1	36	53	38	0	0	0	0	3072	128	128	18848	2356	22176	models/SIFT1M_B_TO_A_EA.npz	77606a5f3d14c75ecf6a7d3185c940b4a73489a051bd9c76edb0e609dc98907a	1341242	9.514345157000001	9.534757753834128
GIST1M_HEAD128	RESIDUAL_NLIST1024	A_TO_B	ADJ	U	110.4958365562985	119.45206683757911	0.013488261298376282	0.014581551127634169	0.0	512	64	0	0	0	0	128	0	0	0	0	0	3072	128	128	16384	2048	19712	models/GIST1M_HEAD128_A_TO_B_ADJ.npz	5b65d2178d2aa48d8959da2eac3e6f870e7bcae3aca793f8726d658d05322b00	1341242	9.770717392000002	9.790395706892014
GIST1M_HEAD128	RESIDUAL_NLIST1024	A_TO_B	ADJ	V	94.31412166659557	103.10022811472828	0.011512954305004342	0.012585477064786167	13.689037917681812	512	64	0	0	0	25	78	25	0	0	0	0	3072	128	128	17984	2248	21312	models/GIST1M_HEAD128_A_TO_B_ADJ.npz	5b65d2178d2aa48d8959da2eac3e6f870e7bcae3aca793f8726d658d05322b00	1341242	9.770717392000002	9.790395706892014
GIST1M_HEAD128	RESIDUAL_NLIST1024	A_TO_B	ADJ	E	93.0014528183913	103.01493990860779	0.011352716408495032	0.012575065906812474	13.760437440836537	512	64	0	0	0	27	75	25	1	0	0	0	3072	128	128	18240	2280	21568	models/GIST1M_HEAD128_A_TO_B_ADJ.npz	5b65d2178d2aa48d8959da2eac3e6f870e7bcae3aca793f8726d658d05322b00	1341242	9.770717392000002	9.790395706892014
GIST1M_HEAD128	RESIDUAL_NLIST1024	A_TO_B	ADJ	S	92.7552506151491	102.62364766952253	0.011322662428607067	0.012527300740908512	14.088010039155252	512	64	3	0	0	30	71	24	3	0	0	0	3072	128	128	18688	2336	22016	models/GIST1M_HEAD128_A_TO_B_ADJ.npz	5b65d2178d2aa48d8959da2eac3e6f870e7bcae3aca793f8726d658d05322b00	1341242	9.770717392000002	9.790395706892014
GIST1M_HEAD128	RESIDUAL_NLIST1024	A_TO_B	CORR_GREEDY	U	105.51945703134828	114.01764674573508	0.012880793094647007	0.013918169768766489	0.0	512	64	0	0	0	11	106	11	0	0	0	0	3072	128	128	17088	2136	20416	models/GIST1M_HEAD128_A_TO_B_CORR_GREEDY.npz	fad15102980c0681f562b47e146f478f3742caf478060eaf832fb77bde037f24	1341242	9.780467075000004	9.801153608597815
GIST1M_HEAD128	RESIDUAL_NLIST1024	A_TO_B	CORR_GREEDY	V	94.63032137641355	103.0664457901587	0.011551552902394232	0.012581353245868981	9.604829838312746	512	64	0	0	0	25	78	25	0	0	0	0	3072	128	128	17984	2248	21312	models/GIST1M_HEAD128_A_TO_B_CORR_GREEDY.npz	fad15102980c0681f562b47e146f478f3742caf478060eaf832fb77bde037f24	1341242	9.780467075000004	9.801153608597815
GIST1M_HEAD128	RESIDUAL_NLIST1024	A_TO_B	CORR_GREEDY	E	93.48534525826675	102.53294055184088	0.011411785309847015	0.012516228094707139	10.072744458150106	512	64	0	0	0	28	74	24	2	0	0	0	3072	128	128	18432	2304	21760	models/GIST1M_HEAD128_A_TO_B_CORR_GREEDY.npz	fad15102980c0681f562b47e146f478f3742caf478060eaf832fb77bde037f24	1341242	9.780467075000004	9.801153608597815
GIST1M_HEAD128	RESIDUAL_NLIST1024	A_TO_B	CORR_GREEDY	S	93.30854138764614	102.15736793936455	0.011390202806109148	0.012470381828535711	10.40214312861546	512	64	2	0	0	30	72	22	4	0	0	0	3072	128	128	18816	2352	22144	models/GIST1M_HEAD128_A_TO_B_CORR_GREEDY.npz	fad15102980c0681f562b47e146f478f3742caf478060eaf832fb77bde037f24	1341242	9.780467075000004	9.801153608597815
GIST1M_HEAD128	RESIDUAL_NLIST1024	A_TO_B	EA	U	93.40322903668175	102.80668711395816	0.011401761357016815	0.012549644423090596	0.0	512	64	0	0	0	26	76	26	0	0	0	0	3072	128	128	18048	2256	21376	models/GIST1M_HEAD128_A_TO_B_EA.npz	f1b4af36b266bab94fd223110e72986e1b02f9750c536e57117002473822ea77	1341242	9.76923515	9.789262601174414
GIST1M_HEAD128	RESIDUAL_NLIST1024	A_TO_B	EA	V	93.83270114422147	102.65504487993834	0.011454187151394223	0.012531133408195599	0.14750230580986567	512	64	0	0	0	25	78	25	0	0	0	0	3072	128	128	17984	2248	21312	models/GIST1M_HEAD128_A_TO_B_EA.npz	f1b4af36b266bab94fd223110e72986e1b02f9750c536e57117002473822ea77	1341242	9.76923515	9.789262601174414
GIST1M_HEAD128	RESIDUAL_NLIST1024	A_TO_B	EA	E	92.1820140732488	102.33610796557613	0.011252687264800878	0.012492200679391618	0.45773204213885865	512	64	0	0	0	30	71	24	3	0	0	0	3072	128	128	18688	2336	22016	models/GIST1M_HEAD128_A_TO_B_EA.npz	f1b4af36b266bab94fd223110e72986e1b02f9750c536e57117002473822ea77	1341242	9.76923515	9.789262601174414
GIST1M_HEAD128	RESIDUAL_NLIST1024	A_TO_B	EA	S	92.1820140732488	102.33610796557613	0.011252687264800878	0.012492200679391618	0.45773204213885865	512	64	0	0	0	30	71	24	3	0	0	0	3072	128	128	18688	2336	22016	models/GIST1M_HEAD128_A_TO_B_EA.npz	f1b4af36b266bab94fd223110e72986e1b02f9750c536e57117002473822ea77	1341242	9.76923515	9.789262601174414
GIST1M_HEAD128	RESIDUAL_NLIST1024	B_TO_A	ADJ	U	112.11483393058604	118.14789482143586	0.013685892813792242	0.014422350442069807	0.0	512	64	0	0	0	0	128	0	0	0	0	0	3072	128	128	16384	2048	19712	models/GIST1M_HEAD128_B_TO_A_ADJ.npz	8c4dc59f8881c241a79a04c37cf66bc79b7db49cb2a08c0b7d816fd7367ce794	1341242	9.959528794999997	9.980613924562931
GIST1M_HEAD128	RESIDUAL_NLIST1024	B_TO_A	ADJ	V	96.12184828697481	101.75381665210287	0.011733624058468605	0.012421120196789901	13.875895287097883	512	64	0	0	0	25	78	25	0	0	0	0	3072	128	128	17984	2248	21312	models/GIST1M_HEAD128_B_TO_A_ADJ.npz	8c4dc59f8881c241a79a04c37cf66bc79b7db49cb2a08c0b7d816fd7367ce794	1341242	9.959528794999997	9.980613924562931
GIST1M_HEAD128	RESIDUAL_NLIST1024	B_TO_A	ADJ	E	95.12660826416648	101.47970499788175	0.011612134797871885	0.012387659301499238	14.107902513832983	512	64	0	0	0	25	78	25	0	0	0	0	3072	128	128	17984	2248	21312	models/GIST1M_HEAD128_B_TO_A_ADJ.npz	8c4dc59f8881c241a79a04c37cf66bc79b7db49cb2a08c0b7d816fd7367ce794	1341242	9.959528794999997	9.980613924562931
GIST1M_HEAD128	RESIDUAL_NLIST1024	B_TO_A	ADJ	S	94.61249407862326	101.03787903140386	0.01154937671858194	0.012333725467700667	14.481862597629359	512	64	4	0	0	29	75	19	5	0	0	0	3072	128	128	18880	2360	22208	models/GIST1M_HEAD128_B_TO_A_ADJ.npz	8c4dc59f8881c241a79a04c37cf66bc79b7db49cb2a08c0b7d816fd7367ce794	1341242	9.959528794999997	9.980613924562931
GIST1M_HEAD128	RESIDUAL_NLIST1024	B_TO_A	CORR_GREEDY	U	104.2663844939954	110.62072928619475	0.012727830138427173	0.013503506992943694	0.0	512	64	0	0	0	11	106	11	0	0	0	0	3072	128	128	17088	2136	20416	models/GIST1M_HEAD128_B_TO_A_CORR_GREEDY.npz	3bb6361650a065d254a7392a84422c5a2c81ab8a3b24ddecf24bb575f219ae21	1341242	9.815853060999999	9.835866748355329
GIST1M_HEAD128	RESIDUAL_NLIST1024	B_TO_A	CORR_GREEDY	V	95.90578072079697	101.6945476612435	0.011707248623144161	0.012413885212554139	8.06917625887069	512	64	0	0	0	25	78	25	0	0	0	0	3072	128	128	17984	2248	21312	models/GIST1M_HEAD128_B_TO_A_CORR_GREEDY.npz	3bb6361650a065d254a7392a84422c5a2c81ab8a3b24ddecf24bb575f219ae21	1341242	9.815853060999999	9.835866748355329
GIST1M_HEAD128	RESIDUAL_NLIST1024	B_TO_A	CORR_GREEDY	E	94.53212528349744	100.92961892205776	0.011539566074645683	0.012320510122321503	8.760663961150017	512	64	0	0	0	30	72	22	4	0	0	0	3072	128	128	18816	2352	22144	models/GIST1M_HEAD128_B_TO_A_CORR_GREEDY.npz	3bb6361650a065d254a7392a84422c5a2c81ab8a3b24ddecf24bb575f219ae21	1341242	9.815853060999999	9.835866748355329
GIST1M_HEAD128	RESIDUAL_NLIST1024	B_TO_A	CORR_GREEDY	S	94.53212528349744	100.92961892205776	0.011539566074645683	0.012320510122321503	8.760663961150017	512	64	0	0	0	30	72	22	4	0	0	0	3072	128	128	18816	2352	22144	models/GIST1M_HEAD128_B_TO_A_CORR_GREEDY.npz	3bb6361650a065d254a7392a84422c5a2c81ab8a3b24ddecf24bb575f219ae21	1341242	9.815853060999999	9.835866748355329
GIST1M_HEAD128	RESIDUAL_NLIST1024	B_TO_A	EA	U	95.60717387008	100.97254990039846	0.0116707975915625	0.012325750720263484	0.0	512	64	0	0	0	27	74	27	0	0	0	0	3072	128	128	18112	2264	21440	models/GIST1M_HEAD128_B_TO_A_EA.npz	615e4c22e20bbd216d5343698281b8fe46688d2201400ddfdae228b185b3bdbf	1341242	10.014491547999995	10.036911373026669
GIST1M_HEAD128	RESIDUAL_NLIST1024	B_TO_A	EA	V	95.64725063449214	100.55108563256194	0.011675689774718279	0.012274302445381096	0.4174047978903861	512	64	0	0	0	25	78	25	0	0	0	0	3072	128	128	17984	2248	21312	models/GIST1M_HEAD128_B_TO_A_EA.npz	615e4c22e20bbd216d5343698281b8fe46688d2201400ddfdae228b185b3bdbf	1341242	10.014491547999995	10.036911373026669
GIST1M_HEAD128	RESIDUAL_NLIST1024	B_TO_A	EA	E	94.42969712214611	100.35743134784677	0.011527062636980726	0.012250663006328951	0.6091938384823026	512	64	0	0	0	30	72	22	4	0	0	0	3072	128	128	18816	2352	22144	models/GIST1M_HEAD128_B_TO_A_EA.npz	615e4c22e20bbd216d5343698281b8fe46688d2201400ddfdae228b185b3bdbf	1341242	10.014491547999995	10.036911373026669
GIST1M_HEAD128	RESIDUAL_NLIST1024	B_TO_A	EA	S	94.42969712214611	100.35743134784677	0.011527062636980726	0.012250663006328951	0.6091938384823026	512	64	0	0	0	30	72	22	4	0	0	0	3072	128	128	18816	2352	22144	models/GIST1M_HEAD128_B_TO_A_EA.npz	615e4c22e20bbd216d5343698281b8fe46688d2201400ddfdae228b185b3bdbf	1341242	10.014491547999995	10.036911373026669
