component,unit,trial,units_per_round,timed_rounds,total_units,elapsed_ns,ns_per_unit,checksum
symqg_fht_fastscan,candidate,0,25600,5,128000,1214720,9.4900000000000002,248956.29919968545
saq_fast_candidate_order,candidate,0,25600,5,128000,290332046,2268.2191093749998,214610.5471598357
saq_prefix_acc1_candidate_order,candidate,0,25600,5,128000,296908016,2319.593875,242995.81083677709
saq_fast_grouped_block_lower_bound,candidate,0,25600,5,128000,141200747,1103.1308359375,214610.5471598357
saq_prefix_acc1_grouped_block_lower_bound,candidate,0,25600,5,128000,146849548,1147.2620937500001,242995.81104569137
saq_fast_grouped_cached_cluster_lower_bound,candidate,0,25600,5,128000,38307579,299.27796093749998,214610.5471598357
saq_prefix_acc1_grouped_cached_cluster_lower_bound,candidate,0,25600,5,128000,47312651,369.63008593749998,242995.81104569137
saq_fast_perfect_full_block_kernel_lower_bound,candidate,0,3200,5,16000,260053,16.2533125,34981.69405721128
saq_prefix_acc1_perfect_full_block_kernel_lower_bound,candidate,0,3200,5,16000,663607,41.475437499999998,39744.794508516788
exact_current_l2,root,0,800,5,4000,839227,209.80674999999999,6203.8417600095272
symqg_query_prepare,query,0,100,5,500,4157516,8315.0319999999992,16416637.810253266
saq_query_prepare,query,0,100,5,500,7048038,14096.075999999999,2500
saq_query_cluster_cache_prepare,query_cluster,0,4202,5,21010,361470953,17204.709804854832,105050
saq_fast_candidate_order,candidate,1,25600,5,128000,297395746,2323.4042656249999,214610.5471598357
saq_prefix_acc1_candidate_order,candidate,1,25600,5,128000,303949250,2374.603515625,242995.81083677709
saq_fast_grouped_block_lower_bound,candidate,1,25600,5,128000,147548260,1152.7207812500001,214610.5471598357
saq_prefix_acc1_grouped_block_lower_bound,candidate,1,25600,5,128000,152825113,1193.9461953125001,242995.81104569137
saq_fast_grouped_cached_cluster_lower_bound,candidate,1,25600,5,128000,38243009,298.77350781249999,214610.5471598357
saq_prefix_acc1_grouped_cached_cluster_lower_bound,candidate,1,25600,5,128000,52118958,407.17935937499999,242995.81104569137
saq_fast_perfect_full_block_kernel_lower_bound,candidate,1,3200,5,16000,292932,18.308250000000001,34981.69405721128
saq_prefix_acc1_perfect_full_block_kernel_lower_bound,candidate,1,3200,5,16000,734603,45.912687499999997,39744.794508516788
symqg_fht_fastscan,candidate,1,25600,5,128000,1262456,9.8629374999999992,248956.29919968545
exact_current_l2,root,1,800,5,4000,861529,215.38225,6203.8417600095272
symqg_query_prepare,query,1,100,5,500,4301094,8602.1880000000001,16416637.810253266
saq_query_prepare,query,1,100,5,500,7893002,15786.004000000001,2500
saq_query_cluster_cache_prepare,query_cluster,1,4202,5,21010,367204278,17477.595335554499,105050
saq_prefix_acc1_candidate_order,candidate,2,25600,5,128000,304381149,2377.9777265624998,242995.81083677709
saq_fast_grouped_block_lower_bound,candidate,2,25600,5,128000,146985573,1148.3247890625,214610.5471598357
saq_prefix_acc1_grouped_block_lower_bound,candidate,2,25600,5,128000,154594850,1207.772265625,242995.81104569137
saq_fast_grouped_cached_cluster_lower_bound,candidate,2,25600,5,128000,38321528,299.38693749999999,214610.5471598357
saq_prefix_acc1_grouped_cached_cluster_lower_bound,candidate,2,25600,5,128000,47213894,368.858546875,242995.81104569137
saq_fast_perfect_full_block_kernel_lower_bound,candidate,2,3200,5,16000,259597,16.224812499999999,34981.69405721128
saq_prefix_acc1_perfect_full_block_kernel_lower_bound,candidate,2,3200,5,16000,663698,41.481124999999999,39744.794508516788
symqg_fht_fastscan,candidate,2,25600,5,128000,1325122,10.352515625000001,248956.29919968545
saq_fast_candidate_order,candidate,2,25600,5,128000,295495460,2308.5582812500002,214610.5471598357
exact_current_l2,root,2,800,5,4000,834979,208.74475000000001,6203.8417600095272
symqg_query_prepare,query,2,100,5,500,3876635,7753.2700000000004,16416637.810253266
saq_query_prepare,query,2,100,5,500,7413063,14826.126,2500
saq_query_cluster_cache_prepare,query_cluster,2,4202,5,21010,367486115,17491.009757258449,105050
saq_fast_grouped_block_lower_bound,candidate,3,25600,5,128000,147981578,1156.1060781250001,214610.5471598357
saq_prefix_acc1_grouped_block_lower_bound,candidate,3,25600,5,128000,152474496,1191.2070000000001,242995.81104569137
saq_fast_grouped_cached_cluster_lower_bound,candidate,3,25600,5,128000,40318099,314.98514843750002,214610.5471598357
saq_prefix_acc1_grouped_cached_cluster_lower_bound,candidate,3,25600,5,128000,47887943,374.12455468749999,242995.81104569137
saq_fast_perfect_full_block_kernel_lower_bound,candidate,3,3200,5,16000,261908,16.369250000000001,34981.69405721128
saq_prefix_acc1_perfect_full_block_kernel_lower_bound,candidate,3,3200,5,16000,639137,39.946062499999996,39744.794508516788
symqg_fht_fastscan,candidate,3,25600,5,128000,1223879,9.5615546874999993,248956.29919968545
saq_fast_candidate_order,candidate,3,25600,5,128000,302314302,2361.8304843750002,214610.5471598357
saq_prefix_acc1_candidate_order,candidate,3,25600,5,128000,317016592,2476.692125,242995.81083677709
exact_current_l2,root,3,800,5,4000,840625,210.15625,6203.8417600095272
symqg_query_prepare,query,3,100,5,500,3887277,7774.5540000000001,16416637.810253266
saq_query_prepare,query,3,100,5,500,7374254,14748.508,2500
saq_query_cluster_cache_prepare,query_cluster,3,4202,5,21010,365604857,17401.468681580202,105050
saq_prefix_acc1_grouped_block_lower_bound,candidate,4,25600,5,128000,154373273,1206.0411953124999,242995.81104569137
saq_fast_grouped_cached_cluster_lower_bound,candidate,4,25600,5,128000,38280944,299.06987500000002,214610.5471598357
saq_prefix_acc1_grouped_cached_cluster_lower_bound,candidate,4,25600,5,128000,47811490,373.52726562499998,242995.81104569137
saq_fast_perfect_full_block_kernel_lower_bound,candidate,4,3200,5,16000,268463,16.778937500000001,34981.69405721128
saq_prefix_acc1_perfect_full_block_kernel_lower_bound,candidate,4,3200,5,16000,640875,40.0546875,39744.794508516788
symqg_fht_fastscan,candidate,4,25600,5,128000,1268042,9.9065781249999993,248956.29919968545
saq_fast_candidate_order,candidate,4,25600,5,128000,300438008,2347.1719374999998,214610.5471598357
saq_prefix_acc1_candidate_order,candidate,4,25600,5,128000,311712929,2435.2572578125,242995.81083677709
saq_fast_grouped_block_lower_bound,candidate,4,25600,5,128000,151278879,1181.8662421874999,214610.5471598357
exact_current_l2,root,4,800,5,4000,843706,210.9265,6203.8417600095272
symqg_query_prepare,query,4,100,5,500,4220202,8440.4040000000005,16416637.810253266
saq_query_prepare,query,4,100,5,500,7682883,15365.766,2500
saq_query_cluster_cache_prepare,query_cluster,4,4202,5,21010,376852624,17936.8217039505,105050
saq_fast_grouped_cached_cluster_lower_bound,candidate,5,25600,5,128000,39895461,311.68328906250002,214610.5471598357
saq_prefix_acc1_grouped_cached_cluster_lower_bound,candidate,5,25600,5,128000,48595379,379.65139843750001,242995.81104569137
saq_fast_perfect_full_block_kernel_lower_bound,candidate,5,3200,5,16000,260121,16.257562499999999,34981.69405721128
saq_prefix_acc1_perfect_full_block_kernel_lower_bound,candidate,5,3200,5,16000,683050,42.690624999999997,39744.794508516788
symqg_fht_fastscan,candidate,5,25600,5,128000,1257508,9.8242812500000003,248956.29919968545
saq_fast_candidate_order,candidate,5,25600,5,128000,304241235,2376.8846484374999,214610.5471598357
saq_prefix_acc1_candidate_order,candidate,5,25600,5,128000,308917047,2413.4144296875002,242995.81083677709
saq_fast_grouped_block_lower_bound,candidate,5,25600,5,128000,148430336,1159.6120000000001,214610.5471598357
saq_prefix_acc1_grouped_block_lower_bound,candidate,5,25600,5,128000,156550239,1223.0487421875,242995.81104569137
exact_current_l2,root,5,800,5,4000,852249,213.06225000000001,6203.8417600095272
symqg_query_prepare,query,5,100,5,500,3913717,7827.4340000000002,16416637.810253266
saq_query_prepare,query,5,100,5,500,7471426,14942.852000000001,2500
saq_query_cluster_cache_prepare,query_cluster,5,4202,5,21010,380252660,18098.651118514994,105050
saq_prefix_acc1_grouped_cached_cluster_lower_bound,candidate,6,25600,5,128000,48793056,381.19574999999998,242995.81104569137
saq_fast_perfect_full_block_kernel_lower_bound,candidate,6,3200,5,16000,262406,16.400375,34981.69405721128
saq_prefix_acc1_perfect_full_block_kernel_lower_bound,candidate,6,3200,5,16000,644090,40.255625000000002,39744.794508516788
symqg_fht_fastscan,candidate,6,25600,5,128000,1269043,9.9143984374999992,248956.29919968545
saq_fast_candidate_order,candidate,6,25600,5,128000,304041760,2375.3262500000001,214610.5471598357
saq_prefix_acc1_candidate_order,candidate,6,25600,5,128000,316172135,2470.0948046875001,242995.81083677709
saq_fast_grouped_block_lower_bound,candidate,6,25600,5,128000,151492366,1183.5341093750001,214610.5471598357
saq_prefix_acc1_grouped_block_lower_bound,candidate,6,25600,5,128000,155694612,1216.36415625,242995.81104569137
saq_fast_grouped_cached_cluster_lower_bound,candidate,6,25600,5,128000,38375901,299.81172656249998,214610.5471598357
exact_current_l2,root,6,800,5,4000,841138,210.28450000000001,6203.8417600095272
symqg_query_prepare,query,6,100,5,500,3924455,7848.9099999999999,16416637.810253266
saq_query_prepare,query,6,100,5,500,7552092,15104.183999999999,2500
saq_query_cluster_cache_prepare,query_cluster,6,4202,5,21010,375607895,17877.577106139932,105050
